TITLE,COMPANY,LOCATION,LINK
Retail Store Manager (Outlet),Skechers,"Commerce, CA",https://www.indeed.com/viewjob?jk=441c9dd405173408
Retail Talent Acquisition - Sourcing Specialist,Skechers,"Manhattan Beach, CA",https://www.indeed.com/viewjob?jk=132b2dc8b2e70370
Retail Sales Associate,Skechers,"Culver City, CA",https://www.indeed.com/viewjob?jk=adc7d631f4f565f9
"Merchandise Planner, International",Skechers,"Manhattan Beach, CA",https://www.indeed.com/viewjob?jk=3d6473b71ed719ad
"Assistant Product Developer, Apparel",Skechers,"Manhattan Beach, CA",https://www.indeed.com/viewjob?jk=531a29a03ecd53a0
"Territory Manager, Apparel",Skechers,"Manhattan Beach, CA",https://www.indeed.com/viewjob?jk=5df9d6ffdb3ca3e6
Associate Merchandiser - International,Skechers,"Manhattan Beach, CA",https://www.indeed.com/viewjob?jk=d6aeb171b9362ab0
Graphic Designer,Skechers,"Manhattan Beach, CA",https://www.indeed.com/viewjob?jk=c10ae31651eca3ec
"Executive Assistant, SVP of Global Product",Skechers,"Manhattan Beach, CA",https://www.indeed.com/viewjob?jk=2a9247c97cbbeead
GRC Analyst,Skechers,"Manhattan Beach, CA",https://www.indeed.com/viewjob?jk=72006f89da04a2b3
Allocations Representative,Skechers,"Manhattan Beach, CA",https://www.indeed.com/viewjob?jk=fa8ad16e5ce752eb
"Office Operations Coordinator, Production & Design",Skechers,"Manhattan Beach, CA",https://www.indeed.com/viewjob?jk=a30a574d085b1cd0
HRIS Administrator,Skechers,"Manhattan Beach, CA",https://www.indeed.com/viewjob?jk=b8a2b10d76a363d2
"Product Developer, Apparel",Skechers,"Manhattan Beach, CA",https://www.indeed.com/viewjob?jk=ef9752fa607619cf
Retail Floor Sales Associate,Skechers,"Culver City, CA",https://www.indeed.com/viewjob?jk=da3859f695f54038
Corporate Sourcing Specialist,Skechers,"Manhattan Beach, CA",https://www.indeed.com/viewjob?jk=364b311a86066629
"Integration Engineer, Dell Boomi",Skechers,"Manhattan Beach, CA",https://www.indeed.com/viewjob?jk=e233af4d1fa8e624
Assistant Product Developer,Skechers,"Manhattan Beach, CA",https://www.indeed.com/viewjob?jk=a3ecfb78b58b0447
"Lead Integration Engineer, Dell Boomi",Skechers,"Manhattan Beach, CA",https://www.indeed.com/viewjob?jk=bc57f6063c2e351d
Sr. System Engineer,Skechers,"Manhattan Beach, CA",https://www.indeed.com/viewjob?jk=903b698b8d0551b7
"Accounting Manager, Inventory & Margin",Skechers,"Manhattan Beach, CA",https://www.indeed.com/viewjob?jk=9d7bc225fe8e26a9
"Manager, Security Engineering and Operations",Skechers,"Manhattan Beach, CA",https://www.indeed.com/viewjob?jk=c2ee4c580d229eed
Assistant Controller,Skechers,"Manhattan Beach, CA",https://www.indeed.com/viewjob?jk=9cc4ae4c27218349
"Senior Director, Retail Systems",Skechers,"Manhattan Beach, CA",https://www.indeed.com/viewjob?jk=ddef183244538dcb
"Director of Finance, Retail",Skechers,"Manhattan Beach, CA",https://www.indeed.com/viewjob?jk=54150185edbdc780
Retail Assistant Store Manager (Part Time),Skechers,"Fullerton, CA",https://www.indeed.com/viewjob?jk=0cf7eca0940eadc2
"Senior Accounting Manager, External Reporting",Skechers,"Manhattan Beach, CA",https://www.indeed.com/viewjob?jk=f4a4d4a873a9c3f5
"Project Lead, Data Analytics",Skechers,"Manhattan Beach, CA",https://www.indeed.com/viewjob?jk=9958f50e2bf42240
